model_name,epoch,train_loss,val_loss,train_accuracy_pct,val_accuracy_pct,epoch_seconds
swin_tiny_pretrained,1,3.29316744243145,2.29686228659153,43.946,60.56,851.9627558859938
swin_small_pretrained,1,3.131478953227997,2.0581296045064925,48.634,64.74,678.622131215001
swin_scratch,1,3.9315221111297607,3.6128766067504885,9.868,14.74,1452.2595391289997
swin_scratch,2,3.4605251263427736,3.2879007621765135,16.254,19.76,1614.4059932159998
swin_scratch,3,3.235671369628906,3.155131451034546,20.428,21.77,1402.9969557719996
swin_scratch,4,3.0551250551605222,2.9718350257873536,23.618,25.72,859.7193415809998
swin_scratch,5,2.9030607466125486,2.8027206829071045,26.84,29.19,892.6651470649995
